x,y,z
0.02260029,0.3526106,5.244534
0.02260029,0.3526106,5.244534
0.02260029,0.3526106,5.244534
-0.3583809,0.3494204,4.598674
-0.3475744,0.3642482,4.602756
-0.3418101,0.3712109,4.604041
-0.336737,0.3776829,4.605363
-0.3311785,0.3843501,4.606557
-0.3150781,0.4011752,4.60827
-0.2980543,0.4171166,4.608957
-0.2874235,0.4255274,4.609187
-0.2782513,0.4324895,4.608817
-0.2689544,0.4397258,4.608322
-0.2602054,0.4463629,4.607097
-0.2522777,0.4529038,4.605559
-0.2428313,0.4596218,4.604779
-0.2329575,0.4655557,4.60565
-0.22324,0.4711176,4.607329
-0.2138158,0.476904,4.608693
-0.2056867,0.483039,4.608838
-0.1981021,0.4898108,4.607505
-0.1909591,0.4971289,4.605809
-0.1839584,0.5036077,4.603878
-0.1769539,0.509508,4.60262
-0.1685668,0.5140715,4.601532
-0.1626173,0.5130412,4.599694
-0.1663171,0.5112553,4.594377
-0.1883248,0.5088935,4.590831
-0.217682,0.5068302,4.585849
-0.2496847,0.4968545,4.574837
-0.2631418,0.4935393,4.56699
-0.2455913,0.5094177,4.566979
-0.2139515,0.5225256,4.582799
-0.1844007,0.5222436,4.593848
-0.1639887,0.5146216,4.607745
-0.1737291,0.5094605,4.615787
-0.2142226,0.5039198,4.616824
-0.2615739,0.492739,4.600614
-0.2864298,0.4772874,4.587593
-0.2884384,0.4743457,4.585573
-0.2782823,0.4773493,4.598978
-0.2522591,0.4844983,4.626486
-0.2263728,0.4841787,4.635833
-0.1962081,0.4719282,4.64553
-0.1974939,0.4646762,4.649608
-0.2299577,0.4602562,4.658461
-0.2738498,0.4568837,4.652787
-0.3108793,0.4457178,4.636528
-0.3288199,0.4396139,4.623067
-0.3232526,0.4458501,4.622501
-0.3064276,0.4618321,4.642969
-0.262606,0.479952,4.666857
-0.2245656,0.4844542,4.68655
-0.1995891,0.4789754,4.696266
-0.2076346,0.4724836,4.708154
-0.2481242,0.4629722,4.708839
-0.2821201,0.4499486,4.7014
-0.314346,0.4307101,4.680824
-0.3166486,0.4314851,4.677291
-0.2993132,0.4424393,4.69384
-0.2724663,0.4543703,4.719995
-0.2371861,0.4580041,4.733099
-0.2146577,0.4489787,4.742728
-0.2239066,0.4397467,4.754532
-0.2585064,0.4256764,4.768633
-0.3023554,0.4142898,4.76217
-0.3284255,0.4045716,4.744365
-0.3438579,0.3971139,4.734043
-0.3440865,0.3964842,4.73381
-0.3434225,0.3985634,4.749272
-0.3280965,0.4143241,4.770749
-0.2981607,0.4322389,4.795879
-0.2718049,0.4402749,4.807453
-0.2712713,0.4418299,4.805795
-0.30116,0.4359817,4.807971
-0.3340415,0.429092,4.794989
-0.3574783,0.4248193,4.780133
-0.3686761,0.4279574,4.773042
-0.3633004,0.4395557,4.78313
-0.3510367,0.4503248,4.79777
-0.3335782,0.4587722,4.806171
-0.3210231,0.4613128,4.808769
-0.3236741,0.4592679,4.808972
-0.34475,0.454037,4.81085
-0.3765913,0.4483257,4.800076
-0.3988558,0.4408806,4.783874
-0.4074661,0.4368812,4.774506
-0.4051577,0.4374467,4.776831
-0.3943812,0.444901,4.791346
-0.3699986,0.4579062,4.804094
-0.3460904,0.4651132,4.81501
-0.3230509,0.4662078,4.814175
-0.3213745,0.4603947,4.81309
-0.3387476,0.4487908,4.812092
-0.3574563,0.4365724,4.806529
-0.3797997,0.4246154,4.796708
-0.3866335,0.4204549,4.786934
-0.3793083,0.4262238,4.792832
-0.3513061,0.4357595,4.80552
-0.3270184,0.4397386,4.816294
-0.3111216,0.4407634,4.817087
-0.3211287,0.4338911,4.823179
-0.3442219,0.4214535,4.828023
-0.368436,0.4114006,4.820593
-0.3833095,0.4080988,4.816307
-0.3837856,0.4189766,4.821159
-0.3643924,0.4320703,4.841164
-0.33979,0.4443524,4.855832
-0.3235852,0.4475456,4.861218
-0.3238863,0.4458792,4.864431
-0.3490802,0.434819,4.874887
-0.3805586,0.418736,4.877465
-0.4025706,0.4096237,4.868391
-0.4126679,0.4080964,4.865037
-0.4053046,0.4217908,4.880301
-0.3857533,0.4356462,4.908002
-0.3587199,0.4503012,4.928217
-0.3356858,0.457606,4.940914
-0.3258179,0.4550276,4.952788
-0.3346683,0.4495459,4.969356
-0.3626195,0.4356411,4.98448
-0.3817507,0.4280203,4.9875
-0.390484,0.4253396,4.9929
-0.381198,0.4323476,5.00882
-0.3609706,0.436893,5.037909
-0.3366581,0.4402011,5.064623
-0.3143636,0.4388829,5.085259
-0.3037161,0.4307784,5.10372
-0.3129565,0.4180372,5.123851
-0.332394,0.404584,5.139167
-0.3529214,0.3947678,5.144259
-0.3641754,0.3895484,5.146282
-0.3665401,0.3899094,5.155648
-0.3539373,0.3965335,5.173231
-0.3316287,0.4049163,5.195048
-0.3074738,0.4100862,5.210237
-0.2904226,0.4086972,5.223917
-0.2938122,0.4030665,5.235126
-0.3132802,0.3942948,5.245289
-0.3404208,0.3863414,5.245208
-0.3594352,0.3784345,5.243918
-0.3685375,0.3746172,5.249674
-0.3586808,0.3767057,5.257817
-0.3536903,0.3775659,5.263623
-0.3442141,0.3785689,5.271098
-0.3229979,0.3797479,5.285917
-0.3094469,0.3745524,5.292102
-0.3146533,0.3675925,5.293752
-0.3426806,0.3555098,5.287024
-0.3694998,0.352325,5.268164
-0.3876091,0.3541755,5.245621
-0.3929058,0.3617032,5.232601
-0.3884188,0.3711091,5.225735
-0.3789588,0.3840166,5.218404
-0.3659357,0.4007238,5.20223
-0.3591472,0.4137622,5.178818
-0.3535591,0.4235972,5.152597
-0.350794,0.4277498,5.122557
-0.3437845,0.4321137,5.065438
-0.3401259,0.4282897,5.040881
-0.330583,0.4253684,5.019855
-0.3101715,0.4248675,5.013727
-0.2822672,0.4228995,5.006071
-0.2491592,0.4181526,4.995027
-0.2281946,0.4116674,4.973799
-0.2359041,0.411918,4.947776
-0.2654206,0.4143973,4.916395
-0.2855872,0.4215358,4.87254
-0.2992064,0.4242275,4.833866
-0.297887,0.4323967,4.806603
-0.2861625,0.4408852,4.8035
-0.2690586,0.4464265,4.810085
-0.2497679,0.443534,4.809986
-0.2451588,0.4386068,4.804237
-0.2645103,0.4333959,4.790991
-0.2928077,0.4309319,4.764768
-0.3034276,0.4339851,4.726954
-0.2998077,0.4391142,4.701661
-0.2810727,0.4511665,4.699984
-0.2530814,0.4564238,4.712798
-0.2169412,0.4560252,4.72577
-0.1949202,0.4483997,4.72692
-0.1919953,0.4414421,4.726452
-0.2076741,0.4287565,4.723716
-0.2282254,0.4174941,4.712087
-0.2308174,0.4113173,4.700021
-0.21501,0.4204584,4.703158
-0.2118593,0.4207637,4.705538
-0.1951061,0.4260464,4.714977
-0.1825224,0.4286092,4.724577
-0.137132,0.4330969,4.746181
-0.1062098,0.4292944,4.758266
-0.09313035,0.4240676,4.762229
-0.1062317,0.415953,4.764751
-0.1252451,0.4106321,4.755865
-0.140262,0.4006285,4.745186
-0.1405197,0.4004822,4.740597
-0.130304,0.4058798,4.742224
-0.1069491,0.4189697,4.75368
-0.08185339,0.42981,4.766061
-0.05098486,0.4382299,4.781827
-0.02672958,0.4396783,4.795025
-0.01610565,0.435809,4.806944
-0.02155328,0.4272315,4.817798
-0.0291605,0.4172433,4.823914
-0.03062272,0.41376,4.832412
-0.01990914,0.4187549,4.845278
0.006905079,0.4282555,4.867264
0.0371213,0.4301886,4.889084
0.0672338,0.4247069,4.908541
0.08152246,0.4162385,4.925699
0.07758713,0.4063521,4.940969
0.06873035,0.3994687,4.951328
0.06476283,0.3959901,4.956598
0.07433653,0.4015006,4.967175
0.0961585,0.4061578,4.983683
0.1261051,0.4101956,5.005583
0.1538613,0.4104305,5.022059
0.1707616,0.4083791,5.037242
0.1691494,0.405695,5.050182
0.1590044,0.4055184,5.062315
0.1482484,0.4119341,5.076738
0.1490169,0.4217575,5.085437
0.1607864,0.4319127,5.098342
0.1757798,0.4369544,5.115232
0.1932554,0.4387508,5.133188
0.2101436,0.439992,5.15005
0.2256851,0.4372916,5.16611
0.2347803,0.4319993,5.18437
0.2384799,0.425953,5.202196
0.2386913,0.4194139,5.219904
0.2385774,0.4158793,5.233705
0.2437291,0.418752,5.242322
0.2526305,0.4234722,5.247416
0.2621884,0.4207135,5.25522
0.269326,0.409834,5.265365
0.2720523,0.3923786,5.278364
0.2700942,0.3743268,5.286665
0.2635634,0.3668001,5.291132
0.2560091,0.3673524,5.288588
0.2520945,0.3611599,5.291303
0.2587388,0.3561845,5.291929
0.2626722,0.3551255,5.290091
0.258454,0.3600498,5.283511
0.2459714,0.3675767,5.275907
0.2269099,0.3795888,5.263679
0.2005694,0.392558,5.246622
0.1731012,0.4008573,5.228079
0.1450696,0.4066725,5.207562
0.123878,0.4164398,5.180981
0.1097333,0.4288233,5.156821
0.1085606,0.4445302,5.133905
0.1116736,0.4573725,5.116853
0.1200149,0.4632052,5.102015
0.1181302,0.4633992,5.080741
0.09211826,0.4632855,5.061567
0.04831266,0.4717348,5.031391
0.01982021,0.4871793,4.990041
0.002562284,0.5052621,4.954958
0.006626606,0.5270737,4.933376
0.01732039,0.5445538,4.918775
0.02567053,0.5522419,4.907356
0.01479816,0.5599758,4.890221
-0.01761389,0.567128,4.869479
-0.05889034,0.5742739,4.840487
-0.1009119,0.5815367,4.789367
-0.1146479,0.5904642,4.762825
-0.1110969,0.616205,4.752324
-0.09550023,0.6372886,4.752014
-0.08634329,0.6526489,4.752565
-0.08151054,0.6643706,4.745558
-0.09061337,0.6734245,4.736653
-0.1107683,0.6802576,4.71894
-0.134318,0.683621,4.686904
-0.1539906,0.6828502,4.658364
-0.1670057,0.6784433,4.63289
-0.1704737,0.6805668,4.622745
-0.1649185,0.681737,4.631966
-0.1621903,0.6838841,4.631307
-0.1614281,0.6847903,4.638054
-0.1615807,0.6844319,4.646499
-0.1569411,0.6838757,4.655061
-0.1574923,0.684469,4.65519
-0.1588303,0.6853428,4.651279
-0.1605972,0.6865881,4.641183
-0.1635698,0.6879564,4.63544
-0.1675643,0.6882041,4.616455
-0.162058,0.6915236,4.608951
-0.1551672,0.6927213,4.623172
-0.1539277,0.6885256,4.641701
-0.1536034,0.6835027,4.653977
-0.154205,0.6775764,4.665072
-0.152172,0.6690595,4.684436
-0.1437038,0.660883,4.711233
-0.1312228,0.6493669,4.747625
-0.1183553,0.6332534,4.784147
-0.1070824,0.6169183,4.815605
-0.09600806,0.6033084,4.839555
-0.08394337,0.5916651,4.855658
-0.07565832,0.5795918,4.869922
-0.06894112,0.5665491,4.881103
-0.05539823,0.5566936,4.895878
-0.03337574,0.5468437,4.917266
-0.01103282,0.5318263,4.947283
0.000613451,0.5181006,4.968948
0.003425121,0.5021475,4.989788
0.01155806,0.4913706,5.007908
0.03206587,0.4844372,5.031907
0.05363464,0.4722354,5.056293
0.07009292,0.4572561,5.081898
0.07731819,0.4413908,5.106451
0.0846796,0.4383016,5.121242
0.09519815,0.4504418,5.125405
0.110086,0.4566997,5.129018
0.1258829,0.4533097,5.144394
0.1331294,0.4409226,5.163253
0.129477,0.4311417,5.180466
0.1279626,0.4316629,5.189344
0.1334512,0.4391454,5.196516
0.1493621,0.4439804,5.204456
0.1674352,0.4425185,5.215746
0.1844692,0.429718,5.230237
0.1890926,0.4175285,5.246351
0.1884778,0.406544,5.259398
0.1920052,0.4049299,5.26703
0.1978881,0.4086729,5.269502
0.2055106,0.4090778,5.274251
0.2162378,0.402308,5.279367
0.2279208,0.3879922,5.28681
0.2361865,0.3729803,5.29146
0.2378967,0.3650447,5.292672
0.2335584,0.3769551,5.29222
0.2132635,0.4006492,5.290309
0.1951976,0.4131027,5.289559
0.1871579,0.4144457,5.287582
0.1804068,0.4104663,5.289914
0.1812232,0.4109965,5.285846
0.1766429,0.4217637,5.280065
0.1687841,0.4379557,5.267451
0.1506326,0.4592507,5.249619
0.1305983,0.482815,5.22791
0.1058803,0.5091812,5.201055
0.08298063,0.5303938,5.174555
0.08204889,0.5288437,5.173953
0.07213569,0.5360201,5.161102
0.06319928,0.5420185,5.149218
0.03849745,0.5586577,5.115888
0.03322816,0.5678119,5.094603
0.03101492,0.5780931,5.072194
0.02429318,0.5875302,5.05023
0.0149498,0.5968314,5.024662
0.002408981,0.6075878,4.996655
-0.01271701,0.6198228,4.965722
-0.03403616,0.63332,4.933153
-0.05824804,0.6458669,4.900361
-0.08050537,0.656318,4.867935
-0.1054392,0.6620815,4.836741
-0.126852,0.6678788,4.806646
-0.1430205,0.6724014,4.781513
-0.1675574,0.6772001,4.744975
-0.1817893,0.6753009,4.726675
-0.1906649,0.6764839,4.711117
-0.1970814,0.6809296,4.699028
-0.1961547,0.68549,4.693154
-0.198613,0.6863814,4.691951
-0.2015816,0.6839079,4.693666
-0.2033759,0.6782861,4.700147
-0.2033283,0.6734136,4.705769
-0.2003695,0.6699256,4.712761
-0.1958629,0.6712161,4.715864
-0.1928722,0.678057,4.715041
-0.1887327,0.689813,4.711874
-0.1847388,0.6959583,4.711943
-0.1835617,0.6954512,4.714558
-0.1836623,0.6940913,4.717292
-0.1831971,0.699761,4.716648
-0.1772867,0.7158093,4.713183
-0.1670872,0.7352069,4.710238
-0.1595074,0.7444525,4.706156
-0.1608251,0.7408726,4.70605
-0.1645857,0.7310613,4.709951
-0.1707515,0.7167241,4.722543
-0.1698705,0.707078,4.735973
-0.1595839,0.70711,4.751298
-0.1341609,0.7178975,4.766398
-0.1164167,0.7215419,4.777153
-0.1078153,0.7202213,4.784759
-0.1088314,0.7079282,4.793663
-0.1109819,0.6922985,4.804714
-0.1091228,0.6787948,4.815518
-0.1035583,0.6740431,4.826726
-0.09084845,0.6790994,4.837367
-0.07387066,0.6910992,4.845183
-0.05776739,0.694419,4.852549
-0.0501132,0.6865978,4.86492
-0.04672289,0.6722743,4.877991
-0.0508914,0.6517747,4.896579
-0.04947972,0.6336607,4.912672
-0.03658867,0.627104,4.929348
-0.01551056,0.6270536,4.946435
0.01182461,0.6292616,4.962627
0.03854322,0.6277954,4.976947
0.06105208,0.618425,4.991401
0.07462168,0.597994,5.009208
0.08066177,0.5690351,5.028044
0.08062243,0.5365106,5.049609
0.07916093,0.5023881,5.066869
0.08716393,0.4819668,5.081452
0.1092274,0.4832837,5.096349
0.1360154,0.4936567,5.104684
0.1574578,0.4942253,5.117601
0.1761887,0.4875341,5.126362
0.186347,0.4678414,5.140736
0.1931627,0.4387909,5.155872
0.1943851,0.4077433,5.174257
0.193233,0.3773275,5.185021
0.1928816,0.3587223,5.191241
0.1983495,0.3481613,5.195436
0.2148399,0.3466,5.201335
0.2365761,0.3407547,5.209215
0.2563238,0.3342338,5.212862
0.2672372,0.3241495,5.21583
0.2657824,0.3124815,5.219527
0.2580976,0.3005012,5.22314
0.2497947,0.2912995,5.225948
0.2518088,0.2870944,5.229367
0.2650189,0.2872781,5.230917
0.2754619,0.2828636,5.232588
0.2742496,0.2713768,5.235789
0.2651038,0.2615923,5.239266
0.2579832,0.25705,5.240285
0.2551039,0.2580184,5.240059
0.2586441,0.2640405,5.238979
0.2623417,0.2717336,5.237657
0.2613928,0.2782705,5.236835
0.2507701,0.2862251,5.236445
0.2347333,0.296209,5.23423
0.2073543,0.3053269,5.22924
0.1748567,0.310338,5.222562
0.1430283,0.3169175,5.213375
0.1161392,0.325515,5.198723
0.106041,0.3412365,5.193961
0.0998292,0.377592,5.190971
0.113771,0.4188941,5.185459
0.124001,0.4554747,5.176253
0.1305251,0.4941258,5.148202
0.1220524,0.5085338,5.134709
0.1041164,0.5125125,5.125816
0.08165979,0.5200371,5.10896
0.0602932,0.529345,5.093537
0.04710364,0.5409198,5.076244
0.04275727,0.5551553,5.061571
0.04144263,0.5713475,5.044714
0.03457427,0.5878904,5.023479
0.01402473,0.603103,5.000587
-0.01026726,0.614244,4.977484
-0.03924584,0.6238299,4.952298
-0.07984781,0.638207,4.912433
-0.09541702,0.6502751,4.887968
-0.1052492,0.6658527,4.865307
-0.1094909,0.681068,4.842238
-0.1183343,0.690146,4.821638
-0.1311809,0.6932772,4.801515
-0.1487404,0.6945259,4.782135
-0.1686708,0.6920938,4.760991
-0.1815974,0.6945794,4.740964
-0.1828831,0.7047384,4.726965
-0.1834856,0.714022,4.712286
-0.1835467,0.7245733,4.696992
-0.1814796,0.7328268,4.681684
-0.182789,0.7353317,4.672493
-0.1878759,0.7349877,4.663602
-0.193992,0.7315717,4.658628
-0.1933714,0.7303622,4.655218
-0.1905242,0.73031,4.654191
-0.1861068,0.7288805,4.654511
-0.1847783,0.7256604,4.657032
-0.1851455,0.7226871,4.658485
-0.186287,0.719502,4.661025
-0.1919347,0.7101764,4.667513
-0.199355,0.7014542,4.672013
-0.1995631,0.6985326,4.672993
-0.1968204,0.6957207,4.672698
-0.1944023,0.6917694,4.67662
-0.187277,0.6899613,4.68788
-0.1778604,0.6872347,4.706931
-0.1732148,0.6791261,4.73209
-0.1728514,0.667311,4.756811
-0.1750985,0.6503968,4.783381
-0.1719104,0.6307736,4.818253
-0.1627651,0.6094339,4.859148
-0.1479253,0.5836931,4.907927
-0.1263103,0.5558829,4.956222
-0.09769726,0.5321003,4.99793
-0.05910945,0.5132685,5.02723
-0.02264643,0.4887517,5.052567
0.00518322,0.4604285,5.073919
0.02279186,0.4319809,5.092379
0.03145695,0.4067706,5.111067
0.03638339,0.385442,5.124371
0.0409627,0.3695263,5.1331
0.06093383,0.3672157,5.143275
0.09390235,0.3789182,5.149381
0.1223063,0.3834661,5.151945
0.1334186,0.3813278,5.153115
0.1219513,0.3600519,5.165739
0.1079443,0.3399723,5.176127
0.0930841,0.3280116,5.183104
0.09731269,0.328386,5.190295
0.1239932,0.3432859,5.199539
0.154402,0.3621374,5.202826
0.1699696,0.3683568,5.208097
0.1680665,0.3608182,5.214989
0.1561365,0.3486136,5.225798
0.1465006,0.3396173,5.231398
0.15538,0.3382979,5.239048
0.1771121,0.3505855,5.239056
0.1944568,0.3627406,5.235613
0.1913962,0.3605285,5.236978
0.1915498,0.3602801,5.239228
0.1784708,0.3469746,5.247995
0.1568229,0.3335992,5.253551
0.1380374,0.3252669,5.252724
0.1244457,0.3213922,5.250424
0.1261723,0.3267387,5.246746
0.1284235,0.3368544,5.243446
0.1206713,0.3476492,5.235777
0.1049557,0.356164,5.227335
0.08416653,0.3633984,5.21577
0.06399369,0.3687401,5.200724
0.04662204,0.3706127,5.183548
0.03689504,0.3740092,5.163043
0.03508806,0.3872085,5.152126
0.04988408,0.4122046,5.146048
0.06518078,0.4412437,5.139771
0.07852674,0.47133,5.124283
0.08324122,0.4967417,5.106895
0.08222532,0.5175076,5.086385
0.07536292,0.533877,5.065883
0.06178117,0.5465944,5.047462
0.04237843,0.5593435,5.025917
0.02385139,0.5702603,5.006373
0.009718418,0.5791457,4.987903
0.004032135,0.5897287,4.971069
-0.0007095337,0.6025806,4.954896
-0.006127119,0.618563,4.934019
-0.01248598,0.6330572,4.91407
-0.02078223,0.6438777,4.893122
-0.03297567,0.6489233,4.87464
-0.04680705,0.6492301,4.853993
-0.05638504,0.6531153,4.835607
-0.05510068,0.6649842,4.818923
-0.05303717,0.6797801,4.801035
-0.05303335,0.6960323,4.779193
-0.05226398,0.7088317,4.756318
-0.05285025,0.7186108,4.73724
-0.05388594,0.7250474,4.719687
-0.05318165,0.7321227,4.703911
-0.04391336,0.7440132,4.689343
-0.03063798,0.7559493,4.677722
-0.02298641,0.7630804,4.663787
-0.0282948,0.7603944,4.655352
-0.03345966,0.7566264,4.647524
-0.04058218,0.7474237,4.645547
-0.03971052,0.7425955,4.644387
-0.03401995,0.7422833,4.647211
-0.0211153,0.7454751,4.64937
-0.01929617,0.7458811,4.651893
-0.01336002,0.744845,4.653676
-0.008453369,0.7438737,4.654535
0.0006685257,0.7329922,4.663999
0.005921841,0.7217386,4.671185
0.01392913,0.7126318,4.678931
0.02698278,0.7089962,4.687375
0.05305195,0.7157364,4.698594
0.08369684,0.7225216,4.706194
0.1108661,0.7236101,4.715928
0.1351447,0.719204,4.727566
0.1526105,0.7085245,4.745802
0.1660054,0.6936185,4.768556
0.173075,0.6728185,4.798482
0.1775684,0.6485844,4.828423
0.1859722,0.6340142,4.849739
0.2015572,0.6336151,4.860347
0.2245488,0.6376343,4.862912
0.2501715,0.6353856,4.870978
0.2792404,0.6296123,4.881759
0.3027523,0.6182798,4.898867
0.3267088,0.5989798,4.91765
0.3436453,0.5742338,4.948993
0.3492945,0.5486392,4.985594
0.3463454,0.5412621,4.997705
0.3474821,0.5401317,5.002453
0.3542836,0.5367523,4.999683
0.3707569,0.5353478,5.006662
0.3951551,0.5251046,5.015223
0.4160769,0.5082343,5.035087
0.423575,0.4846073,5.061712
0.4233099,0.4627901,5.087137
0.418014,0.4473667,5.103954
0.4230161,0.4535668,5.107452
0.4350959,0.4595807,5.109006
0.4587622,0.4580637,5.111743
0.4785149,0.4490297,5.118971
0.4921836,0.4320021,5.13246
0.4946234,0.4117339,5.151209
0.4903698,0.3896618,5.168738
0.4854796,0.3704082,5.18038
0.4816242,0.3604355,5.186838
0.4851978,0.3630672,5.189528
0.5074255,0.3739703,5.186348
0.5298872,0.3765026,5.173534
0.5383373,0.3709541,5.170913
0.5347296,0.3674369,5.173616
0.5363727,0.3620632,5.173605
0.5333034,0.3543323,5.177392
0.5170206,0.3242478,5.187212
0.5013449,0.3061438,5.189312
0.4984801,0.305901,5.190585
0.4940549,0.3034827,5.190882
0.4897866,0.3035105,5.191394
0.4876494,0.328931,5.190708
0.4870524,0.361127,5.183778
0.4870051,0.3677259,5.180542
0.4811119,0.3827448,5.175429
0.4751421,0.39599,5.166448
0.4514921,0.4261184,5.141421
0.4309925,0.4382375,5.128874
0.4296045,0.4309624,5.131286
0.4160357,0.433353,5.129487
0.4026581,0.4367302,5.12628
0.3594499,0.4482804,5.108558
0.3277757,0.460471,5.092572
0.2981153,0.4722827,5.072733
0.2737374,0.4875316,5.053343
0.2532418,0.5016926,5.03618
0.235153,0.5155118,5.021409
0.2215338,0.5299814,5.008727
0.2104521,0.5436822,5.000086
0.2044902,0.5558222,4.999493
0.1972244,0.5613223,5.00125
0.1888678,0.5664862,4.994368
0.1877422,0.5864944,4.973182
0.1754708,0.6131139,4.936723
0.1471558,0.6357818,4.912622
0.1124792,0.6538373,4.888143
0.07560015,0.668806,4.866643
0.04531813,0.6796458,4.84398
0.01654053,0.6828868,4.82999
-0.005358696,0.6840504,4.820228
-0.01344872,0.693926,4.808095
-0.009483337,0.7139793,4.787988
-0.01574922,0.7271448,4.757788
-0.03314233,0.7300597,4.726642
-0.04497576,0.7298079,4.701612
-0.05732417,0.7252561,4.688934
-0.07256818,0.7226866,4.684741
-0.09082985,0.7220231,4.691605
-0.1066442,0.7212318,4.69515
-0.10391,0.7234344,4.693709
-0.1028574,0.7252226,4.685673
-0.1030793,0.7251843,4.674825
-0.1027927,0.7235268,4.647363
-0.1062126,0.7231548,4.632494
-0.1090801,0.7230672,4.63588
-0.1137762,0.7227479,4.633309
-0.1191602,0.7219434,4.630501
-0.127295,0.71967,4.632051
-0.13279,0.716852,4.632061
-0.1368018,0.7141193,4.630652
-0.13823,0.7108615,4.629998
-0.1366302,0.7074276,4.629509
-0.1347035,0.7039362,4.628985
-0.1220365,0.6932493,4.6361
-0.1132078,0.6837062,4.649662
-0.1085734,0.6697484,4.670767
-0.09853268,0.6609862,4.697916
-0.07929873,0.6637087,4.731411
-0.06021452,0.6713415,4.772741
-0.04189491,0.6729448,4.807935
-0.02206945,0.6740485,4.837804
0.003777504,0.6716195,4.856903
0.02400208,0.6628683,4.866461
0.02038074,0.6542268,4.884013
-0.007335186,0.6406878,4.915365
-0.02807951,0.6175559,4.93407
-0.03408957,0.6025465,4.943856
-0.02164769,0.5992867,4.955319
0.002243519,0.6017104,4.97722
0.03968644,0.6047376,4.991674
0.0696137,0.6012766,5.000123
0.08142328,0.5940896,5.015103
0.07409215,0.5809664,5.039171
0.06106257,0.5688354,5.050566
0.05558634,0.5660663,5.050878
0.05928421,0.5669301,5.050211
0.07328653,0.567254,5.057532
0.09403872,0.5647317,5.075746
0.1161695,0.5521381,5.098414
0.1192153,0.5342554,5.125285
0.1133199,0.5136123,5.148137
0.09560132,0.4974349,5.159401
0.08903074,0.4910689,5.16546
0.09839725,0.4995019,5.167524
0.121907,0.507026,5.181142
0.1575766,0.5105556,5.20284
0.2014341,0.5098347,5.221457
0.237783,0.5005549,5.23097
0.2554522,0.4834169,5.243055
0.2554212,0.4600886,5.261731
0.2378595,0.432762,5.282226
0.2187414,0.4027305,5.294446
0.1998128,0.364668,5.302299
0.182058,0.3304785,5.302675
0.1699091,0.3200663,5.304964
0.1754361,0.3402225,5.305552
0.1783358,0.3490449,5.309944
0.1799334,0.356728,5.315484
0.2099382,0.3714734,5.317575
0.2259318,0.3699573,5.31433
0.2229959,0.3610836,5.312585
0.1941181,0.3385703,5.319672
0.1638161,0.318494,5.318873
0.1381837,0.3023573,5.310471
0.124525,0.2886977,5.304747
0.129191,0.2907459,5.302963
0.1401559,0.3086271,5.310661
0.1612884,0.3350366,5.315273
0.1795961,0.3627489,5.314866
0.1893915,0.386201,5.309255
0.1934316,0.4088059,5.298597
0.1927409,0.4254449,5.289276
0.1835389,0.4392036,5.280543
0.1617627,0.449986,5.274639
0.1370347,0.4612702,5.265275
0.1149592,0.4758275,5.252144
0.1004708,0.4942172,5.23911
0.09671307,0.5213808,5.223413
0.09692645,0.5538321,5.205758
0.09288788,0.5841437,5.183328
0.07969284,0.6115947,5.157988
0.0625658,0.6359249,5.129615
0.04436302,0.6589931,5.098473
0.0228622,0.6787115,5.064608
0.004757881,0.6974781,5.028772
-0.006514788,0.716419,4.994495
-0.01356292,0.7358599,4.959203
-0.01993036,0.7526868,4.924033
-0.02850199,0.7662726,4.887017
-0.03735733,0.7761977,4.850503
-0.04812336,0.7821625,4.813997
-0.06001163,0.7831669,4.780366
-0.07313609,0.7822347,4.750908
-0.08578539,0.7771371,4.725161
-0.09788179,0.7689906,4.702746
-0.1068368,0.7559722,4.689002
-0.1137276,0.7479766,4.688044
-0.1165733,0.7437997,4.69805
-0.1066685,0.7443773,4.71395
-0.09681988,0.7461455,4.734737
-0.0863297,0.7494991,4.760917
-0.07288599,0.751668,4.793582
-0.06072497,0.7510999,4.824757
-0.04665899,0.7479382,4.853896
-0.03022051,0.7417493,4.883102
-0.01369238,0.7329515,4.909548
0.002332926,0.7205945,4.937265
0.01500821,0.7058312,4.967306
0.03060818,0.6843582,5.000113
0.0460453,0.6544515,5.032303
0.05810738,0.6201227,5.060108
0.06710243,0.5762959,5.079423
0.07606459,0.5337709,5.085629
0.08896184,0.5210735,5.087654
0.1015532,0.5434285,5.08864
0.09517837,0.5844472,5.082715
0.08956003,0.6032675,5.074531
0.08315063,0.6132216,5.079507
0.0857091,0.6122382,5.083378
0.08520651,0.6054345,5.091388
0.08776808,0.5987894,5.10168
0.0917387,0.5918753,5.106097
0.1027939,0.551046,5.142316
0.1158619,0.5175315,5.160381
0.1287799,0.4992772,5.171521
0.1382976,0.496137,5.17642
0.140965,0.5079692,5.182767
0.136822,0.5119177,5.192496
0.1370542,0.5124997,5.190639
0.1368928,0.5090349,5.193711
0.1364741,0.5053747,5.198226
0.136261,0.4972233,5.203197
0.1382866,0.487743,5.207673
0.1433992,0.475751,5.210447
0.1450601,0.4626901,5.217515
0.1519573,0.4489639,5.21895
0.1578705,0.4249859,5.225706
0.1693082,0.4051152,5.232173
0.1787121,0.4082525,5.235972
0.1753101,0.4222679,5.247043
0.1715274,0.4314737,5.255313
0.1674347,0.4293976,5.260721
0.1623755,0.4173058,5.267398
0.1650403,0.398936,5.271469
0.1799316,0.3754815,5.281853
0.2149777,0.3598999,5.280116
0.2432292,0.3531514,5.276047
0.2602108,0.3504334,5.273365
0.2544789,0.3452783,5.278559
0.2411032,0.3393967,5.285924
0.227221,0.3288344,5.290706
0.2250652,0.3166588,5.290363
0.2455056,0.2981821,5.286178
0.2785738,0.2841902,5.277818
0.3053095,0.280428,5.266344
0.3164015,0.2813936,5.260447
0.3126822,0.2772152,5.259462
0.2916086,0.2781624,5.264018
0.2706559,0.2858562,5.265793
0.2561235,0.2975269,5.264215
0.248703,0.3092324,5.259511
0.2623433,0.3160195,5.256536
0.2948343,0.3210705,5.251495
0.3290927,0.3319862,5.243145
0.3624662,0.3466969,5.233684
0.3847876,0.3610852,5.218745
0.3901241,0.3689194,5.211528
0.3727994,0.3684736,5.214175
0.3521837,0.3703521,5.216078
0.3360898,0.374368,5.21083
0.3267059,0.3803894,5.199318
0.3359739,0.3910422,5.189368
0.3629501,0.4072568,5.180487
0.394989,0.4340766,5.168403
0.4200091,0.4599161,5.150324
0.4313672,0.4778941,5.130983
0.4362171,0.4909771,5.112729
0.433161,0.4986139,5.101898
0.4215717,0.5007272,5.101974
0.4040461,0.5011473,5.102117
0.3875136,0.5116138,5.092875
0.3801475,0.5227798,5.0845
0.3818607,0.52526,5.082227
0.3808655,0.534122,5.076013
0.3785411,0.5444265,5.071994
0.3706901,0.5911643,5.050896
0.3723335,0.5932916,5.050456
0.3723946,0.6047816,5.044303
0.3697604,0.6341183,5.027727
0.3707983,0.6447837,5.019466
0.3725836,0.6505623,5.012903
0.375554,0.6513173,5.010564
0.3786806,0.6459185,5.013397
0.3828108,0.636048,5.018703
0.3890367,0.6221185,5.024521
0.3942339,0.6023296,5.033468
0.3966174,0.5830484,5.041288
0.395999,0.5810874,5.042722
0.3954422,0.5729559,5.046639
0.3926315,0.5653411,5.050904
0.3813264,0.5437188,5.064025
0.3604188,0.5279,5.074913
0.3513813,0.5247315,5.079175
0.3655386,0.5380643,5.07511
0.3815469,0.5521651,5.068525
0.3906552,0.5687504,5.063554
0.3924037,0.5763987,5.063394
0.3900678,0.5778683,5.06453
0.377141,0.5690706,5.077501
0.3646798,0.5510396,5.093225
0.3513696,0.5282646,5.111369
0.3376565,0.5110357,5.126231
0.3384047,0.4989707,5.131804
0.3473778,0.4933038,5.131315
0.3516772,0.4961067,5.131317
0.3412365,0.5002246,5.14186
0.3198141,0.4985757,5.159169
0.2976811,0.4874712,5.176843
0.2785993,0.475205,5.189669
0.26806,0.4590773,5.198441
0.2667465,0.4502032,5.202995
0.2721713,0.4465383,5.204288
0.271211,0.4428545,5.20823
0.2578909,0.4286194,5.21918
0.2358854,0.4049025,5.233099
0.2143588,0.3786111,5.243085
0.1968837,0.3557017,5.249942
0.1872993,0.3383862,5.252514
0.1827531,0.3261922,5.256534
0.1804748,0.3127323,5.256717
0.1642923,0.2889805,5.256361
0.1277976,0.2433799,5.245239
0.09144735,0.1891674,5.21936
0.06358385,0.1410392,5.172976
0.05113125,0.09784502,5.116093
0.04840088,0.07036144,5.060372
0.04586196,0.05979759,5.012139
0.03749371,0.06167012,4.9883
0.03216052,0.05836266,4.969759
0.01981211,0.0587135,4.960703
0.005987883,0.06104892,4.952851
-0.006918907,0.06512254,4.951887
-0.01575804,0.07105309,4.952593
-0.01960659,0.07973999,4.958961
-0.02372026,0.08771247,4.966002
-0.02240562,0.09789854,4.981708
-0.02008152,0.1101673,4.998679
-0.0158298,0.1286382,5.022428
-0.01037383,0.1523984,5.05018
-0.006429434,0.1803364,5.079782
0.0004823208,0.215912,5.109912
0.01208162,0.2539427,5.137236
0.02674294,0.290757,5.159712
0.04428673,0.3260649,5.176386
0.06625056,0.3564687,5.185328
0.08318591,0.3790632,5.187156
0.09068155,0.3961003,5.183502
0.09396195,0.4062758,5.177452
0.09530449,0.4159293,5.167728
0.09725952,0.4335936,5.160691
0.1055532,0.4631935,5.159038
0.1183622,0.4922171,5.160781
0.1315897,0.5132471,5.158779
0.1344285,0.5244319,5.154123
0.1220276,0.5156713,5.147926
0.1106539,0.4993457,5.140549
0.1058269,0.4941743,5.134233
0.107348,0.4998718,5.135799
0.1089954,0.509057,5.13364
0.1115203,0.5226803,5.131052
0.113234,0.5371245,5.130357
0.113394,0.5514274,5.130298
0.1185336,0.569874,5.126437
0.1233051,0.5850332,5.125438
0.1266744,0.59933,5.124468
0.1308198,0.6110068,5.120085
0.1310267,0.6163471,5.11569
0.1261561,0.6257954,5.107174
0.121336,0.6171821,5.109053
0.1180091,0.61275,5.10684
0.1110768,0.6091576,5.107348
0.1028323,0.6081348,5.099358
0.1016006,0.6176546,5.096308
0.1061962,0.6261838,5.096854
0.1100023,0.6352219,5.092705
0.1142633,0.644705,5.090397
0.129993,0.6713199,5.082061
0.1384349,0.6786708,5.081202
0.1336148,0.671553,5.085987
0.1261683,0.6559618,5.094585
0.1233368,0.6452766,5.097684
0.1292698,0.6497385,5.101389
0.1420004,0.6649399,5.096206
0.1528385,0.6803835,5.092195
0.1679885,0.6878132,5.087889
0.1742747,0.6842447,5.094233
0.1764519,0.6716991,5.106808
0.1801419,0.654039,5.120371
0.1894085,0.6467564,5.127436
0.2050493,0.6551554,5.126008
0.2173681,0.6675373,5.120782
0.2283907,0.6677791,5.118944
0.2311604,0.6586645,5.12538
0.2307816,0.6406048,5.138645
0.2311897,0.6190923,5.152829
0.2396843,0.608893,5.157522
0.2524197,0.6109546,5.157062
0.2649881,0.6120576,5.151857
0.2711697,0.6028081,5.155566
0.2733881,0.5861097,5.164193
0.2727075,0.5620989,5.177994
0.2741516,0.5394602,5.185653
0.2790854,0.528408,5.190913
0.2901092,0.5270146,5.187989
0.2982802,0.5218063,5.188168
0.3041312,0.5100331,5.191253
0.3041813,0.490547,5.198706
0.3002636,0.4687107,5.206309
0.2973087,0.4507858,5.21306
0.3023624,0.4423528,5.215676
0.31408,0.437051,5.214417
0.3259465,0.4295047,5.212751
0.3332607,0.4150609,5.214233
0.333469,0.3960915,5.217418
0.3273041,0.374653,5.222726
0.3229976,0.3592544,5.225977
0.3262459,0.3552333,5.225867
0.3336146,0.3608871,5.224866
0.3427167,0.3617361,5.220767
0.3457704,0.3514009,5.221336
0.3410017,0.3291941,5.224483
0.3339601,0.3093063,5.227023
0.3316674,0.3007671,5.226914
0.3327084,0.3014103,5.227198
0.337611,0.3024936,5.224393
0.3383139,0.2949334,5.222719
0.3395152,0.2798607,5.219631
0.3415475,0.2633371,5.214657
0.3438463,0.2448691,5.207582
0.3424268,0.2271406,5.199603
0.3379595,0.2112609,5.192193
0.333487,0.1988674,5.184975
0.3292401,0.1899871,5.177648
0.3265865,0.184644,5.171441
0.3267665,0.1895701,5.170934
0.3309696,0.2071376,5.178293
0.3375173,0.2258571,5.18599
0.3430223,0.2481398,5.192704
0.3449802,0.2704584,5.198709
0.3431157,0.2897912,5.203394
0.3383105,0.3085745,5.208383
0.3320876,0.3290774,5.211498
0.3248351,0.3498991,5.215727
0.3189353,0.3727854,5.219909
0.3144001,0.3989061,5.223176
0.3109329,0.4257954,5.224584
0.3073466,0.4544476,5.222759
0.301459,0.4815143,5.220004
0.2931812,0.505406,5.21585
0.2833314,0.5247708,5.210528
0.27474,0.5430611,5.202523
0.2666678,0.5608913,5.19141
0.2602782,0.5776233,5.177011
0.2515972,0.5952893,5.15985
0.2398522,0.6147653,5.142192
0.2256582,0.6350664,5.121966
0.2108185,0.6522568,5.102856
0.1980052,0.6648198,5.084065
0.1844282,0.6743106,5.06621
0.1705616,0.6826139,5.0502
0.1570115,0.6910933,5.03393
0.143672,0.6981488,5.018237
0.1298118,0.7033837,5.003568
0.1164355,0.709116,4.988849
0.103539,0.7140194,4.974937
0.09189296,0.7186752,4.960956
0.08094001,0.7235144,4.946543
0.06986356,0.7275479,4.933281
0.05977917,0.7295857,4.922068
0.05221701,0.7306183,4.912552
0.04600573,0.7312863,4.902585
0.04056716,0.732662,4.89299
0.03340292,0.7349055,4.882919
0.02619696,0.7353551,4.873768
0.02106047,0.7346095,4.865554
0.01749539,0.7329813,4.858439
0.01406789,0.7305267,4.850961
0.01106167,0.7272194,4.843026
0.008772373,0.7227828,4.833959
0.007920265,0.7176474,4.824762
0.008288383,0.7130311,4.816563
0.009463072,0.7092689,4.809997
0.01202106,0.705776,4.808245
0.0149405,0.7018538,4.811063
0.02116728,0.6979087,4.818146
0.03039169,0.6934964,4.837344
0.04221106,0.6863787,4.860778
0.05736995,0.6758237,4.888388
0.07337928,0.6684991,4.904472
0.08680439,0.6685334,4.910765
0.0902226,0.6737794,4.913343
0.08845115,0.6697839,4.922967
0.08695269,0.6608784,4.945285
0.09130073,0.6466119,4.970516
0.1047318,0.6367038,4.989378
0.1318073,0.6298732,4.996775
0.1489639,0.6259001,4.999877
0.159018,0.6236477,5.00331
0.1633065,0.6191724,5.01336
0.1641097,0.6124926,5.027263
0.1579659,0.6020135,5.045297
0.156987,0.5941487,5.058858
0.1643949,0.5912724,5.066129
0.1795468,0.5883406,5.073854
0.2025242,0.5813174,5.085039
0.2252879,0.5688426,5.096671
0.2364326,0.548742,5.117405
0.2370739,0.5251917,5.137713
0.2322288,0.5099173,5.153111
0.2396913,0.5100717,5.157263
0.2516868,0.5114108,5.161361
0.2714146,0.5098564,5.162654
0.2946843,0.501932,5.164366
0.3083575,0.4880304,5.169389
0.3084252,0.4732233,5.181236
0.2970254,0.4605893,5.195573
0.2914476,0.4531534,5.20381
0.2929435,0.4497193,5.208855
0.3021635,0.4479631,5.210538
0.314608,0.4459174,5.211373
0.3249438,0.4436238,5.211379
0.3289007,0.4397389,5.213306
0.3248155,0.4339231,5.218705
0.3202038,0.42677,5.223504
0.3187411,0.4208241,5.226802
0.3250117,0.4197838,5.227272
0.3339214,0.4201754,5.227247
0.3370116,0.421167,5.226064
0.3414588,0.4203886,5.225447
0.3446099,0.4190158,5.225477
0.3482995,0.4128276,5.227566
0.3392947,0.403915,5.233152
0.3304439,0.3981872,5.237087
0.3296125,0.3971682,5.238677
0.3390648,0.4003249,5.237273
0.3572505,0.4023736,5.231668
0.3708062,0.3998054,5.225711
0.3783967,0.3930867,5.221721
0.3776808,0.3861023,5.221065
0.3683951,0.3792801,5.224643
0.3517702,0.3790748,5.22978
0.3378592,0.3917301,5.23282
0.3268892,0.4097715,5.232316
0.3136288,0.434609,5.228437
0.2976551,0.4565094,5.221527
0.2809417,0.4741376,5.211838
0.2651293,0.4894655,5.201555
0.2509798,0.5025643,5.189282
0.2385669,0.5121778,5.178226
0.2287166,0.5212683,5.167809
0.2233634,0.5305073,5.155533
0.2195361,0.5401066,5.141912
0.2123866,0.5541635,5.118979
0.2111678,0.5538096,5.118335
0.2059212,0.5587509,5.110503
0.1999567,0.563711,5.102583
0.1769404,0.5796891,5.077183
0.1554041,0.5898138,5.059009
0.1385605,0.6006261,5.03817
0.124649,0.6117752,5.01749
0.111762,0.6223593,4.997417
0.1004295,0.631795,4.978179
0.09380865,0.6403843,4.960091
0.08475757,0.6477608,4.943505
0.07134533,0.6541474,4.93066
0.05197597,0.6626927,4.916273
0.05178642,0.6680716,4.911524
0.05197859,0.6726976,4.905062
0.05178022,0.677696,4.898574
0.04940057,0.6816897,4.895977
0.04094744,0.6837425,4.895944
0.02916098,0.6819926,4.899229
0.02596331,0.681309,4.90168
0.03410101,0.6794785,4.907056
0.03908324,0.676852,4.913638
0.04687381,0.6724885,4.922169
0.0537672,0.6671292,4.931624
0.05811381,0.6617076,4.940546
0.05998397,0.650704,4.957822
0.05748749,0.6412471,4.972181
0.05706453,0.6324055,4.985719
0.06711078,0.6275482,4.996282
0.0803504,0.6226932,5.005275
0.0949347,0.6171921,5.013929
0.1115618,0.6098304,5.02671
0.1144769,0.6080177,5.02823
0.137219,0.592208,5.055434
0.1478114,0.5780256,5.079282
0.1497519,0.5620562,5.106029
0.1537476,0.54948,5.123727
0.1634617,0.544906,5.130951
0.1755781,0.5434045,5.130241
0.1863284,0.5395104,5.133735
0.1856246,0.5392342,5.133158
0.1890521,0.5354863,5.13712
0.1909838,0.5311796,5.141804
0.193953,0.5179113,5.156836
0.1892109,0.5080089,5.167419
0.1882889,0.5091103,5.16626
0.1871693,0.5087581,5.166757
0.1837592,0.5074877,5.170167
0.1799288,0.5077761,5.171499
0.1809323,0.5054954,5.175368
0.1848865,0.4988796,5.181715
0.1885109,0.4886716,5.190937
0.1903331,0.4807525,5.198667
0.1940999,0.4805923,5.199244
0.1951566,0.4852465,5.196733
0.1952689,0.4874673,5.197912
0.1954393,0.48425,5.202681
0.1939631,0.4764852,5.209822
0.1896851,0.4678536,5.218252
0.1885438,0.4649253,5.220733
0.1879859,0.4691177,5.220999
0.1901302,0.4752529,5.217312
0.1915436,0.4764555,5.217931
0.1933298,0.4723244,5.218953
0.189466,0.4663191,5.22394
0.1814384,0.4611104,5.227001
0.1757543,0.4615311,5.228712
0.176887,0.4653979,5.226933
0.1775193,0.468705,5.225361
0.1774938,0.4716237,5.225078
0.1814313,0.4755183,5.22287
0.1874804,0.4758123,5.22247
0.1882088,0.4739979,5.223221
0.1915903,0.4721721,5.222647
0.1941833,0.4704005,5.223144
0.2033706,0.46628,5.221675
0.2041023,0.4659612,5.221439
0.2077591,0.4645247,5.221034
0.2121775,0.4640326,5.220222
0.2333364,0.465141,5.213808
0.2574124,0.4690555,5.203792
0.2623677,0.469636,5.199267
0.275463,0.4699772,5.190635
0.2872839,0.4696577,5.182612
0.3196193,0.4630564,5.154059
0.334717,0.4554576,5.135382
0.3450863,0.4478665,5.11914
0.3498921,0.445442,5.108161
0.3523686,0.4456206,5.104645
0.3504357,0.4502302,5.105987
0.3467653,0.4561442,5.108183
0.3405795,0.4643534,5.106268
0.3317014,0.4740801,5.102139
0.3207515,0.4863639,5.095799
0.3047843,0.500779,5.089319
0.2869821,0.5144485,5.081796
0.266624,0.5293937,5.07018
0.2424624,0.544302,5.05255
0.2091646,0.565109,5.027271
0.2092133,0.5648766,5.026795
0.1979904,0.5720213,5.017849
0.164531,0.5911207,4.990528
0.1425803,0.6032663,4.972087
0.1215506,0.6139869,4.95428
0.1021626,0.6234977,4.935429
0.08584595,0.6311461,4.915853
0.0715754,0.6374124,4.896917
0.0605607,0.6404335,4.878203
0.04917121,0.6407118,4.861095
0.04310727,0.6402434,4.847274
0.04206944,0.6397855,4.837136
0.04289722,0.6395283,4.831616
0.04832768,0.6412641,4.829553
0.05711794,0.6445199,4.829785
0.06419754,0.6479688,4.828672
0.069309,0.6523111,4.822281
0.06925869,0.6567544,4.810304
0.0626471,0.6629085,4.790513
0.04409838,0.6707631,4.755083
0.03013325,0.6741393,4.734126
0.01736045,0.6754037,4.713013
0.006230354,0.6734381,4.695924
-0.003913879,0.670847,4.682106
-0.01222944,0.6666345,4.67222
-0.01937032,0.6604193,4.668596
-0.02221704,0.6536217,4.668746
-0.01997328,0.6525878,4.672954
-0.02013826,0.6492012,4.676102
-0.02086496,0.6458519,4.679665
-0.0177896,0.6364744,4.69817
-0.008389473,0.6336984,4.721372
0.004966497,0.6349377,4.746747
0.02156353,0.6377202,4.779225
0.04076743,0.6385036,4.812747
0.05970359,0.6352897,4.841927
0.07945538,0.6287149,4.865082
0.09503818,0.6206304,4.882815
0.1062171,0.6140236,4.900971
0.1141212,0.6071108,4.916698
0.1250589,0.6017311,4.939958
0.1371136,0.5932458,4.965594
0.1507013,0.5844328,4.981702
0.160768,0.5777794,4.985802
0.1626925,0.573319,4.975688
0.1601241,0.5675178,4.975292
0.1589029,0.5620996,4.982345
0.1600394,0.5550538,4.998219
0.1626675,0.5464755,5.015339
0.1664617,0.539653,5.02546
0.1694088,0.5380511,5.023787
0.1692264,0.5405769,5.019971
0.1714234,0.5406442,5.018411
0.1730077,0.5399383,5.017136
0.1757417,0.5389555,5.017179
0.1781485,0.5373423,5.018571
0.1807709,0.5351613,5.021903
0.1832175,0.5320161,5.026175
0.1842403,0.5281399,5.034854
0.1850874,0.5165284,5.06332
0.1835201,0.5157588,5.065206
0.1834621,0.5130864,5.071842
0.1836593,0.5115075,5.07621
0.1842585,0.5097602,5.07937
0.185488,0.5087094,5.079972
0.1873727,0.5078676,5.081953
0.1903038,0.5066486,5.083583
0.1950009,0.5041059,5.086205
0.199872,0.5009096,5.089832
0.2059684,0.4965869,5.095828
0.2245941,0.4780611,5.117386
0.2319257,0.4612387,5.137619
0.2344158,0.4524166,5.145144
0.229362,0.4521824,5.14814
0.2286911,0.4475783,5.151356
0.2321711,0.4406911,5.158989
0.2417843,0.4256802,5.167086
0.2488356,0.4045904,5.179111
0.2517751,0.3893457,5.183683
0.2513379,0.3960641,5.183489
0.2496865,0.409486,5.17866
0.2489433,0.4197964,5.179186
0.2550719,0.4266521,5.179439
0.2558239,0.4250751,5.180269
0.2593987,0.4251192,5.178954
0.2620604,0.4256957,5.179094
0.2723775,0.4309525,5.174523
0.2769514,0.434001,5.171598
0.2802715,0.4364067,5.169385
0.2821753,0.4388117,5.168445
0.2850783,0.4405687,5.167963
0.2796545,0.4377039,5.175616
0.2677174,0.4324998,5.186582
0.2510593,0.431178,5.195593
0.2447057,0.4343403,5.198133
0.2495192,0.4435403,5.194279
0.2538049,0.4515899,5.188727
0.2600586,0.4559746,5.182567
0.2563336,0.4533835,5.1837
0.2412932,0.448388,5.190774
0.2197874,0.4434312,5.19681
0.2007496,0.4440462,5.198017
0.2016833,0.4468306,5.196505
0.1962967,0.4502448,5.194794
0.19084,0.4544824,5.193129
0.1755462,0.4656346,5.186058
0.1691489,0.4758428,5.178208
0.1703207,0.4766467,5.176832
0.1697404,0.4810467,5.170966
0.1679831,0.4856077,5.166274
0.1658759,0.4973412,5.14932
0.166976,0.5024063,5.137986
0.173466,0.5020327,5.125508
0.1814923,0.4968562,5.113619
0.1825423,0.4941145,5.114738
0.1831441,0.4912507,5.110793
0.1780396,0.487177,5.099457
0.1692986,0.4969586,5.094669
0.1588502,0.517158,5.086571
0.1467435,0.5382221,5.078656
0.1378431,0.5544823,5.067749
0.132267,0.5655027,5.057086
0.1272264,0.5697265,5.049499
0.120971,0.5710517,5.042817
0.112885,0.5734575,5.035614
0.1102493,0.5809827,5.01879
0.1047082,0.5937744,4.999308
0.09609747,0.6087316,4.975959
0.0874474,0.6228849,4.953757
0.07995272,0.635774,4.930677
0.07266355,0.6470966,4.90774
0.06385899,0.6568304,4.883607
0.05354571,0.6665545,4.858417
0.04302049,0.6758111,4.833622
0.03069305,0.6838644,4.812051
0.01946115,0.6907801,4.792212
0.007628202,0.6962768,4.774645
-0.0025177,0.700094,4.757367
-0.002133608,0.6992875,4.758626
-0.007234573,0.7003468,4.749886
-0.01191044,0.7008979,4.741879
-0.02485514,0.7013294,4.718046
-0.03155351,0.6991234,4.705271
-0.03607583,0.6959909,4.698509
-0.03646135,0.6915072,4.695455
-0.03371429,0.6874128,4.694766
-0.02525997,0.6864551,4.701106
-0.01442194,0.6891969,4.716515
-0.00359869,0.6952439,4.737611
-0.0008649826,0.6995825,4.760804
-0.002677441,0.6999934,4.780122
-0.00785017,0.6957992,4.786766
-0.0148015,0.6890016,4.789015
-0.02022028,0.6820766,4.789358
-0.02445173,0.677661,4.794953
-0.02703619,0.6744283,4.806625
-0.03261971,0.6709868,4.823797
-0.03324223,0.6673587,4.835911
-0.02647161,0.6653195,4.84065
-0.01278257,0.6642504,4.841545
0.00388813,0.6656597,4.839649
0.0228796,0.665356,4.842893
0.03830767,0.6623417,4.852832
0.04029441,0.660661,4.871699
0.02733016,0.6561559,4.893764
0.01729345,0.6510893,4.909836
0.01610851,0.6473203,4.913853
0.02158403,0.6452046,4.91046
0.02718067,0.6427423,4.911137
0.03519917,0.6398205,4.915162
0.04440498,0.6354269,4.926526
0.04694653,0.6280524,4.945742
0.04242325,0.6189678,4.96664
0.03910708,0.6127331,4.97628
0.04273534,0.6140071,4.970763
0.04699516,0.6146886,4.964465
0.04817629,0.6159385,4.963725
0.05259204,0.6164085,4.964409
0.05675578,0.6156436,4.965236
0.07372022,0.6125961,4.976517
0.08596468,0.6055813,4.991918
0.08818007,0.5956026,5.013661
0.08393717,0.5865296,5.02896
0.08311701,0.585028,5.029816
0.08534908,0.5842631,5.026963
0.08956146,0.5830081,5.02721
0.09774423,0.5806978,5.034138
0.1053658,0.5753271,5.042034
0.1075408,0.5680953,5.052487
0.1014688,0.5586802,5.06509
0.09060955,0.5508297,5.071924
0.08855534,0.5489524,5.069475
0.09454203,0.5495644,5.06761
0.1097779,0.5500128,5.069816
0.1339955,0.5496314,5.077079
0.1591244,0.5430625,5.081073
0.166615,0.5318987,5.091575
0.1616988,0.5188246,5.106637
0.1476963,0.507219,5.118924
0.1305606,0.5043507,5.119291
0.1218524,0.502354,5.114211
0.1214461,0.5025474,5.111427
0.1305408,0.5038012,5.112439
0.1498022,0.5050371,5.114506
0.1710958,0.5005475,5.114899
0.1753557,0.4913862,5.124544
0.1670985,0.4812277,5.137249
0.147305,0.4728222,5.147871
0.1331947,0.4689217,5.151693
0.1276221,0.4705456,5.149345
0.1326151,0.47629,5.148617
0.1398392,0.4798045,5.148504
0.1669054,0.4862497,5.147608
0.1819243,0.4820935,5.150332
0.177814,0.4715932,5.163049
0.1636622,0.4589766,5.176032
0.1464922,0.4479359,5.185266
0.1426091,0.4429794,5.189417
0.1502652,0.4433376,5.191855
0.1661153,0.4457834,5.19297
0.1898992,0.4461206,5.192633
0.2095871,0.4432412,5.190593
0.2163949,0.4377413,5.188735
0.2022836,0.4386783,5.189898
0.1796191,0.4479523,5.188971
0.1533122,0.4564849,5.18251
0.1289301,0.465151,5.172526
0.1056564,0.4723061,5.159389
0.08793449,0.4796082,5.148702
0.08007407,0.4855714,5.138518
0.07742238,0.4898577,5.132117
0.07864928,0.4938367,5.129865
0.08081102,0.4997652,5.123789
0.08108282,0.5095537,5.111329
0.07785606,0.5200594,5.097086
0.07561851,0.5216563,5.094924
0.07216311,0.5267523,5.087904
0.06845927,0.5328158,5.079545
0.05595708,0.5517243,5.050467
0.04651546,0.5652531,5.028018
0.04507065,0.5660308,5.026273
0.03957033,0.5718916,5.014975
0.02383089,0.5889704,4.979355
0.0122292,0.5975882,4.952316
0.01172924,0.597289,4.95158
0.006112099,0.6008751,4.939423
0.0008397102,0.6045321,4.927294
-0.004517078,0.6076612,4.915678
-0.00999403,0.6099907,4.905343
-0.01459026,0.6120763,4.894746
-0.02936506,0.6149896,4.865527
-0.03748894,0.6146019,4.849868
-0.04357672,0.6130317,4.837715
-0.04473543,0.6137138,4.830076
-0.04243898,0.6171796,4.828369
-0.03762865,0.622295,4.83103
-0.03179741,0.6300736,4.840343
-0.02558708,0.6369827,4.853472
-0.01768732,0.641516,4.862273
-0.01034641,0.6441831,4.866902
-0.004163265,0.6448326,4.861804
0.001961231,0.6441583,4.851526
0.004233122,0.6436482,4.846758
0.00344944,0.6417876,4.844644
-0.005900383,0.6409829,4.848907
-0.01789236,0.639577,4.854527
-0.0332768,0.6358109,4.859208
-0.0423708,0.6300434,4.859756
-0.04156065,0.6261283,4.858842
-0.03090239,0.6255494,4.859631
-0.01804924,0.6265638,4.864008
0.001074076,0.6276374,4.871992
0.01141381,0.6264238,4.884695
0.01064706,0.6245106,4.901134
0.0001802444,0.6184922,4.916182
-0.01106071,0.6118503,4.921707
-0.01623487,0.603911,4.922325
-0.01559711,0.5994391,4.925413
-0.004541636,0.5987387,4.930135
0.01482511,0.6019145,4.938632
0.03637791,0.6025211,4.946792
0.05135083,0.5987428,4.954
0.0538497,0.5937303,4.96454
0.04069185,0.5862687,4.976736
0.02367687,0.5775691,4.986033
0.01332426,0.5696421,4.990425
0.01427245,0.5705085,4.988201
0.01359653,0.5679031,4.990253
0.01844311,0.5626817,4.996581
0.03510237,0.5640689,5.002813
0.05425739,0.5643595,5.007619
0.06658506,0.5604926,5.014875
0.06561375,0.5537081,5.026248
0.0588491,0.5520921,5.028562
0.05574179,0.5481721,5.033317
0.03928542,0.5342484,5.047914
0.03081036,0.5258225,5.051861
0.03147316,0.5208524,5.056802
0.04170036,0.520382,5.063123
0.06430697,0.5222099,5.069464
0.08429408,0.5225273,5.073464
0.100832,0.519513,5.075978
0.1058331,0.5130013,5.083781
0.1010566,0.5056124,5.094823
0.08353949,0.4963675,5.106795
0.06788921,0.4885412,5.111858
0.06009603,0.4820862,5.114971
0.06513524,0.4814821,5.118403
0.08118343,0.4828895,5.123577
0.1020584,0.4847348,5.12696
0.1245673,0.4847656,5.125194
0.1388626,0.4817539,5.124767
0.1366305,0.4767813,5.131741
0.1247587,0.4700881,5.143524
0.1097441,0.4650856,5.15045
0.0970459,0.4597436,5.155835
0.09333253,0.456896,5.158927
0.1025562,0.4565826,5.163073
0.1222775,0.4564882,5.166534
0.1443017,0.4555097,5.166553
0.1625595,0.450147,5.167661
0.1700118,0.4435115,5.174152
0.1700857,0.4345873,5.185782
0.1572514,0.4188719,5.204452
0.1496832,0.4084185,5.212089
0.1404047,0.4109147,5.210719
0.1420217,0.417152,5.205195
0.1419294,0.4209912,5.201812
0.1437249,0.4250273,5.199782
0.1525407,0.4314743,5.193956
0.1558559,0.4317483,5.190921
0.1490033,0.4318077,5.190316
0.1344728,0.4311581,5.191272
0.1120784,0.4264947,5.195432
0.09422851,0.4228075,5.196737
0.08803797,0.4246777,5.19556
0.09573007,0.4317015,5.192619
0.1114697,0.4375835,5.193011
0.1381392,0.4420338,5.187385
0.1608973,0.4432738,5.180105
0.170866,0.4406593,5.175055
0.1678753,0.4382029,5.176858
0.1514993,0.4333157,5.184301
0.1245785,0.4305016,5.18767
0.1023633,0.4247726,5.187484
0.08255363,0.4231063,5.183394
0.08338213,0.4250039,5.182392
0.07865953,0.4261189,5.179173
0.07714987,0.4284926,5.176642
0.07450962,0.4344233,5.168012
0.07897592,0.4452041,5.159747
0.08141232,0.4463249,5.15777
0.08300495,0.4532951,5.150595
0.08367777,0.4593039,5.142754
0.08401918,0.4781371,5.120125
0.08251619,0.4900478,5.102399
0.080935,0.5020145,5.083816
0.07762623,0.5132367,5.064871
0.07693839,0.5136452,5.064576
0.07525206,0.5190852,5.055265
0.07326579,0.5239683,5.046505
0.06776071,0.5385538,5.018766
0.06123638,0.5459092,5.0012
0.06077075,0.5453225,5.001356
0.05742598,0.5478945,4.993135
0.05425072,0.5508681,4.984359
0.04502439,0.5565755,4.959291
0.03919101,0.5542715,4.944172
0.03598928,0.549486,4.930171
0.03287196,0.5428413,4.920253
0.03397632,0.534278,4.913748
0.04319334,0.5277823,4.909626
0.05942249,0.5268438,4.906998
0.08130217,0.5311531,4.912601
0.1049755,0.5375753,4.921355
0.1314306,0.5428552,4.923949
0.1595321,0.5467942,4.923578
0.1886768,0.5481959,4.919756
0.2084835,0.5449474,4.914644
0.2116337,0.5407117,4.912885
0.196353,0.5394669,4.92129
0.1760964,0.5329476,4.927226
0.1476731,0.5208877,4.92747
0.1403413,0.5147021,4.925273
0.1418946,0.5124081,4.919772
0.1518772,0.5168921,4.916944
0.1659489,0.521514,4.91555
0.1885009,0.5269771,4.91443
0.197557,0.5278345,4.918831
0.1929746,0.5240603,4.925878
0.1774492,0.5169352,4.933468
0.1637816,0.5074264,4.939096
0.1561797,0.5014823,4.940596
0.1624184,0.5033022,4.941859
0.1767972,0.5087143,4.942724
0.2067466,0.5156083,4.944665
0.2245867,0.5164567,4.946468
0.239289,0.5141016,4.951894
0.2449603,0.5081062,4.966451
0.244251,0.498449,4.983283
0.242424,0.4859276,4.998524
0.2411871,0.4846526,4.999116
0.2435799,0.479626,5.004757
0.2477195,0.4754524,5.01057
0.2647498,0.4644573,5.02813
0.2898445,0.4630683,5.036402
0.2938819,0.4645906,5.03616
0.309159,0.4643051,5.038939
0.3234982,0.4636036,5.041687
0.3646123,0.4561151,5.051307
0.3639171,0.4563695,5.052119
0.3733853,0.4527252,5.057047
0.3792651,0.4483311,5.063767
0.3857992,0.4358298,5.086435
0.3739848,0.4263139,5.103165
0.3700151,0.4263336,5.102858
0.3655553,0.4227725,5.110854
0.3625543,0.4174855,5.117678
0.3641951,0.4050325,5.135077
0.3826607,0.4002479,5.145421
0.4106179,0.3959947,5.153365
0.439919,0.3876972,5.15745
0.4429097,0.3872396,5.157273
0.4711462,0.3706446,5.165608
0.4767945,0.3601852,5.174253
0.4679821,0.3552352,5.184316
0.4520814,0.3571079,5.190578
0.4453719,0.356633,5.19587
0.4465647,0.3589557,5.200274
0.4621804,0.3626631,5.199773
0.4801285,0.365208,5.193077
0.4973099,0.3604254,5.182287
0.4950931,0.3503684,5.192595
0.4748664,0.3351081,5.215828
0.4405043,0.3187295,5.235996
0.4162264,0.3073061,5.244676
0.4066072,0.3028167,5.249444
0.4207635,0.3074263,5.248595
0.441003,0.3066511,5.241607
0.456677,0.3060057,5.228379
0.4597476,0.300139,5.223548
0.442796,0.2874344,5.231048
0.4142964,0.2703391,5.240035
0.3838333,0.2553071,5.24554
0.350733,0.2395548,5.245468
0.3195899,0.226953,5.24123
0.2929653,0.2216397,5.23367
0.2730317,0.2227357,5.225971
0.2550575,0.2252446,5.217714
0.2376516,0.2372479,5.205171
0.2184029,0.2518917,5.188639
0.200913,0.2701231,5.168704
0.1890075,0.2823681,5.154062
0.1691391,0.3036444,5.126057
0.1499562,0.3209172,5.099978
0.1298203,0.3354791,5.074415
0.1085334,0.3477488,5.047351
0.08796191,0.3561967,5.022562
